{"part1": {"volume": [0.10028997100289971, 0.24397560243975602, 0.33686631336866313, 0.5497450254974503, 0.6763323667633236], "distance": [0.034983780299534549, 0.044812095088468187, 0.11165417401340264, 0.21114611163291827, 0.32023050702601713]}, "part2": {"volume": [0.48225177482251774, 0.916008399160084], "distance": [0.21614330847766428, 0.64624565133425438]}, "part3": {"volume": [0.02739178246526042, 0.08797360791762471, 0.3154053783864841, 0.5080475857242828], "distance": [0.027500945138984302, 0.10491574602773104, 0.10491574602773104, 0.23605745464222014]}, "part4": {"volume": [0.011498850114988501, 0.5524447555244476, 0.5524447555244476, 0.6877312268773123, 0.6978302169783022], "distance": [0.093156343034435277, 0.21168948183771233, 0.21168948183771233, 0.25977123757871956, 0.25977123757871956]}, "printer_feeder": {"volume": [0.09659034096590341, 0.21857814218578142, 0.46215378462153783, 0.5883411658834117], "distance": [0.077029056817497957, 0.094683668157947667, 0.10544037514728338, 0.28952345704306326]}, "mount2": {"volume": [0.11887622475504898, 0.1998600279944011, 0.32113577284543093, 0.7944411117776444, 0.8464307138572286], "distance": [0.05107245966512023, 0.16114553562377448, 0.16114553562377448, 0.21576909454668822, 0.25849467371405882]}, "pipe_connector": {"volume": [0.17086582683463308, 0.21905618876224756, 0.2555488902219556, 0.2981403719256149, 0.3623275344931014, 0.386122775444911, 0.4350129974005199], "distance": [0.033918250119787857, 0.059796558071671516, 0.059796558071671516, 0.059796558071671516, 0.059796558071671516, 0.059796558071671516, 0.10628197201968571]}, "gearbox": {"volume": [0.021097890210978902, 0.0974902509749025, 0.7871212878712128, 0.7871212878712128, 0.9128087191280871, 0.9128087191280871, 0.9128087191280871], "distance": [0.016408064335200555, 0.10353909446846647, 0.22972593037224084, 0.22972593037224084, 0.27162237456805149, 0.27162237456805149, 0.27162237456805149]}}