{"part1": [0.12529000410157257, 0.1585624354219117, 0.23585587899956881, 0.45112846075488117, 0.5962452949302135], "part2": [0.45694818493685996, 0.82493141398807557], "part3": [0.066594314409268926, 0.10968631940810281, 0.28767517616089811, 0.40785733774973226], "part4": [0.0085182178979938978, 0.46786315500579095, 0.55773305807531637, 0.6458602202553253, 0.87023524696694488], "printer_feeder": [0.068258466316061306, 0.24358620030411238, 0.42972693966135261, 0.48131909811220996], "mount2": [0.14431131938902453, 0.22308758961358205, 0.30270030938199749, 0.51694849438221013, 0.56474964994547938], "pipe_connector": [0.086775157547021906, 0.09920213448919335, 0.10773852455077186, 0.15106992633633493, 0.19886070226917255, 0.23010804113650707, 0.24166777305998377], "gearbox": [0.054390326338655932, 0.080748794329940199, 0.68104623221900429, 0.7354366098681917, 0.76645820644112339, 0.80317200199791694, 0.89466502011842131]}